year,population_top_n,problem,perfect_solve_count,perfect_solve_rate,nonzero_score_count,nonzero_score_rate,attempted_count,attempted_rate,average_score,average_score_among_attempts
1985,201,A1,125,0.6218905472636815,131,0.6517412935323383,192,0.9552238805970149,6.487562189054726,6.791666666666667
1985,201,A2,29,0.14427860696517414,165,0.8208955223880597,186,0.9253731343283582,5.587064676616915,6.037634408602151
1985,201,A3,100,0.4975124378109453,135,0.6716417910447762,154,0.7661691542288557,5.985074626865671,7.811688311688312
1985,201,A4,72,0.3582089552238806,137,0.681592039800995,170,0.845771144278607,6.0,7.094117647058823
1985,201,A5,44,0.21890547263681592,101,0.5024875621890548,147,0.7313432835820896,3.054726368159204,4.1768707482993195
1985,201,A6,8,0.03980099502487562,32,0.15920398009950248,54,0.26865671641791045,0.6119402985074627,2.2777777777777777
1985,201,B1,112,0.5572139303482587,171,0.8507462686567164,184,0.9154228855721394,7.019900497512438,7.668478260869565
1985,201,B2,3,0.014925373134328358,109,0.5422885572139303,146,0.7263681592039801,4.36318407960199,6.006849315068493
1985,201,B3,95,0.472636815920398,144,0.7164179104477612,167,0.8308457711442786,6.442786069651741,7.754491017964072
1985,201,B4,115,0.572139303482587,186,0.9253731343283582,197,0.9800995024875622,7.9054726368159205,8.065989847715736
1985,201,B5,14,0.06965174129353234,30,0.14925373134328357,91,0.4527363184079602,1.2338308457711442,2.7252747252747254
1985,201,B6,5,0.024875621890547265,25,0.12437810945273632,51,0.2537313432835821,0.472636815920398,1.8627450980392157
1986,201,A1,152,0.7562189054726368,199,0.9900497512437811,200,0.9950248756218906,9.298507462686567,9.345
1986,201,A2,155,0.7711442786069652,155,0.7711442786069652,188,0.9353233830845771,7.711442786069652,8.24468085106383
1986,201,A3,53,0.263681592039801,89,0.4427860696517413,115,0.572139303482587,3.6766169154228856,6.426086956521739
1986,201,A4,21,0.1044776119402985,60,0.29850746268656714,83,0.4129353233830846,1.955223880597015,4.734939759036145
1986,201,A5,13,0.06467661691542288,20,0.09950248756218906,59,0.2935323383084577,0.8507462686567164,2.8983050847457625
1986,201,A6,1,0.004975124378109453,18,0.08955223880597014,82,0.4079601990049751,0.4079601990049751,1.0
1986,201,B1,183,0.9104477611940298,199,0.9900497512437811,200,0.9950248756218906,9.567164179104477,9.615
1986,201,B2,123,0.6119402985074627,194,0.9651741293532339,196,0.9751243781094527,8.432835820895523,8.64795918367347
1986,201,B3,26,0.12935323383084577,49,0.24378109452736318,82,0.4079601990049751,1.8507462686567164,4.536585365853658
1986,201,B4,22,0.10945273631840796,53,0.263681592039801,112,0.5572139303482587,1.9751243781094527,3.544642857142857
1986,201,B5,10,0.04975124378109453,10,0.04975124378109453,68,0.3383084577114428,0.4975124378109453,1.4705882352941178
1986,201,B6,3,0.014925373134328358,3,0.014925373134328358,35,0.17412935323383086,0.14925373134328357,0.8571428571428571
1987,204,A1,72,0.35294117647058826,123,0.6029411764705882,168,0.8235294117647058,5.5,6.678571428571429
1987,204,A2,117,0.5735294117647058,187,0.9166666666666666,197,0.9656862745098039,8.068627450980392,8.355329949238579
1987,204,A3,119,0.5833333333333334,164,0.803921568627451,175,0.8578431372549019,7.4754901960784315,8.714285714285714
1987,204,A4,14,0.06862745098039216,70,0.3431372549019608,95,0.46568627450980393,1.7450980392156863,3.7473684210526317
1987,204,A5,8,0.0392156862745098,12,0.058823529411764705,69,0.3382352941176471,0.4852941176470588,1.434782608695652
1987,204,A6,5,0.024509803921568627,26,0.12745098039215685,106,0.5196078431372549,0.8676470588235294,1.669811320754717
1987,204,B1,148,0.7254901960784313,159,0.7794117647058824,174,0.8529411764705882,7.676470588235294,9.0
1987,204,B2,47,0.23039215686274508,58,0.28431372549019607,120,0.5882352941176471,2.6176470588235294,4.45
1987,204,B3,27,0.1323529411764706,81,0.39705882352941174,138,0.6764705882352942,3.0294117647058822,4.478260869565218
1987,204,B4,13,0.06372549019607843,77,0.37745098039215685,147,0.7205882352941176,2.0980392156862746,2.9115646258503403
1987,204,B5,10,0.049019607843137254,34,0.16666666666666666,50,0.24509803921568626,1.0931372549019607,4.46
1987,204,B6,8,0.0392156862745098,18,0.08823529411764706,80,0.39215686274509803,0.5833333333333334,1.4875
1988,208,A1,202,0.9711538461538461,208,1.0,208,1.0,9.759615384615385,9.759615384615385
1988,208,A2,174,0.8365384615384616,189,0.9086538461538461,204,0.9807692307692307,8.783653846153847,8.955882352941176
1988,208,A3,42,0.20192307692307693,83,0.39903846153846156,117,0.5625,3.2884615384615383,5.846153846153846
1988,208,A4,45,0.21634615384615385,121,0.5817307692307693,146,0.7019230769230769,4.447115384615385,6.335616438356165
1988,208,A5,32,0.15384615384615385,148,0.7115384615384616,157,0.7548076923076923,2.581730769230769,3.4203821656050954
1988,208,A6,59,0.28365384615384615,95,0.4567307692307692,116,0.5576923076923077,4.110576923076923,7.370689655172414
1988,208,B1,176,0.8461538461538461,203,0.9759615384615384,204,0.9807692307692307,9.557692307692308,9.745098039215685
1988,208,B2,88,0.4230769230769231,186,0.8942307692307693,204,0.9807692307692307,7.298076923076923,7.4411764705882355
1988,208,B3,20,0.09615384615384616,140,0.6730769230769231,167,0.8028846153846154,3.0336538461538463,3.7784431137724552
1988,208,B4,17,0.08173076923076923,23,0.11057692307692307,96,0.46153846153846156,0.8990384615384616,1.9479166666666667
1988,208,B5,9,0.04326923076923077,23,0.11057692307692307,68,0.3269230769230769,0.8701923076923077,2.661764705882353
1988,208,B6,38,0.18269230769230768,98,0.47115384615384615,115,0.5528846153846154,3.514423076923077,6.356521739130435
1994,206,A1,59,0.28640776699029125,201,0.9757281553398058,204,0.9902912621359223,8.330097087378642,8.411764705882353
1994,206,A2,169,0.8203883495145631,178,0.8640776699029126,200,0.970873786407767,8.436893203883495,8.69
1994,206,A3,0,0.0,138,0.6699029126213593,178,0.8640776699029126,3.4805825242718447,4.02808988764045
1994,206,A4,12,0.05825242718446602,67,0.32524271844660196,110,0.5339805825242718,2.262135922330097,4.236363636363636
1994,206,A5,20,0.0970873786407767,45,0.21844660194174756,102,0.49514563106796117,1.7621359223300972,3.5588235294117645
1994,206,A6,5,0.024271844660194174,34,0.1650485436893204,68,0.3300970873786408,1.0679611650485437,3.235294117647059
1994,206,B1,45,0.21844660194174756,198,0.9611650485436893,204,0.9902912621359223,6.077669902912621,6.137254901960785
1994,206,B2,28,0.13592233009708737,151,0.7330097087378641,190,0.9223300970873787,4.203883495145631,4.557894736842106
1994,206,B3,27,0.13106796116504854,146,0.7087378640776699,161,0.7815533980582524,2.9320388349514563,3.751552795031056
1994,206,B4,15,0.07281553398058252,47,0.22815533980582525,118,0.5728155339805825,1.0825242718446602,1.8898305084745763
1994,206,B5,11,0.05339805825242718,61,0.2961165048543689,76,0.36893203883495146,1.2233009708737863,3.3157894736842106
1994,206,B6,14,0.06796116504854369,52,0.2524271844660194,102,0.49514563106796117,1.4029126213592233,2.8333333333333335
1995,204,A1,115,0.5637254901960784,200,0.9803921568627451,202,0.9901960784313726,9.254901960784315,9.346534653465346
1995,204,A2,26,0.12745098039215685,67,0.3284313725490196,123,0.6029411764705882,2.4166666666666665,4.008130081300813
1995,204,A3,95,0.46568627450980393,195,0.9558823529411765,198,0.9705882352941176,8.269607843137255,8.52020202020202
1995,204,A4,39,0.19117647058823528,81,0.39705882352941174,164,0.803921568627451,3.0098039215686274,3.7439024390243905
1995,204,A5,1,0.004901960784313725,43,0.2107843137254902,86,0.4215686274509804,0.5392156862745098,1.2790697674418605
1995,204,A6,1,0.004901960784313725,2,0.00980392156862745,63,0.3088235294117647,0.08823529411764706,0.2857142857142857
1995,204,B1,124,0.6078431372549019,171,0.8382352941176471,182,0.8921568627450981,7.588235294117647,8.505494505494505
1995,204,B2,2,0.00980392156862745,98,0.4803921568627451,149,0.7303921568627451,3.593137254901961,4.919463087248322
1995,204,B3,54,0.2647058823529412,128,0.6274509803921569,177,0.8676470588235294,4.137254901960785,4.768361581920904
1995,204,B4,9,0.04411764705882353,149,0.7303921568627451,159,0.7794117647058824,4.200980392156863,5.389937106918239
1995,204,B5,72,0.35294117647058826,111,0.5441176470588235,153,0.75,4.642156862745098,6.189542483660131
1995,204,B6,3,0.014705882352941176,10,0.049019607843137254,71,0.3480392156862745,0.2696078431372549,0.7746478873239436
1996,206,A1,87,0.4223300970873786,175,0.8495145631067961,206,1.0,7.286407766990291,7.286407766990291
1996,206,A2,6,0.02912621359223301,132,0.6407766990291263,178,0.8640776699029126,2.563106796116505,2.966292134831461
1996,206,A3,63,0.3058252427184466,87,0.4223300970873786,134,0.6504854368932039,4.077669902912621,6.268656716417911
1996,206,A4,3,0.014563106796116505,43,0.2087378640776699,110,0.5339805825242718,0.883495145631068,1.6545454545454545
1996,206,A5,4,0.019417475728155338,23,0.11165048543689321,63,0.3058252427184466,0.5097087378640777,1.6666666666666667
1996,206,A6,4,0.019417475728155338,50,0.24271844660194175,96,0.46601941747572817,1.0339805825242718,2.21875
1996,206,B1,113,0.5485436893203883,206,1.0,206,1.0,9.325242718446601,9.325242718446601
1996,206,B2,85,0.41262135922330095,126,0.6116504854368932,154,0.7475728155339806,5.106796116504855,6.8311688311688314
1996,206,B3,20,0.0970873786407767,97,0.470873786407767,153,0.7427184466019418,2.4223300970873787,3.261437908496732
1996,206,B4,40,0.1941747572815534,72,0.34951456310679613,120,0.5825242718446602,2.5728155339805827,4.416666666666667
1996,206,B5,34,0.1650485436893204,50,0.24271844660194175,108,0.5242718446601942,2.1359223300970873,4.074074074074074
1996,206,B6,0,0.0,12,0.05825242718446602,35,0.16990291262135923,0.41262135922330095,2.4285714285714284
1997,205,A1,138,0.6731707317073171,152,0.7414634146341463,173,0.8439024390243902,7.195121951219512,8.526011560693641
1997,205,A2,42,0.2048780487804878,153,0.7463414634146341,172,0.8390243902439024,5.819512195121951,6.936046511627907
1997,205,A3,5,0.024390243902439025,76,0.37073170731707317,105,0.5121951219512195,1.8341463414634147,3.580952380952381
1997,205,A4,100,0.4878048780487805,133,0.6487804878048781,157,0.7658536585365854,5.907317073170732,7.713375796178344
1997,205,A5,22,0.1073170731707317,82,0.4,119,0.5804878048780487,2.3853658536585365,4.109243697478991
1997,205,A6,0,0.0,18,0.08780487804878048,53,0.25853658536585367,0.2,0.7735849056603774
1997,205,B1,171,0.8341463414634146,194,0.9463414634146341,204,0.9951219512195122,8.965853658536586,9.009803921568627
1997,205,B2,28,0.13658536585365855,34,0.16585365853658537,72,0.35121951219512193,1.473170731707317,4.194444444444445
1997,205,B3,1,0.004878048780487805,54,0.2634146341463415,143,0.697560975609756,0.8097560975609757,1.1608391608391608
1997,205,B4,23,0.11219512195121951,45,0.21951219512195122,80,0.3902439024390244,1.726829268292683,4.425
1997,205,B5,9,0.04390243902439024,57,0.2780487804878049,101,0.4926829268292683,1.0146341463414634,2.0594059405940595
1997,205,B6,5,0.024390243902439025,17,0.08292682926829269,68,0.33170731707317075,0.6439024390243903,1.9411764705882353
1998,199,A1,156,0.7839195979899497,183,0.9195979899497487,199,1.0,9.040201005025125,9.040201005025125
1998,199,A2,103,0.5175879396984925,181,0.9095477386934674,193,0.9698492462311558,7.934673366834171,8.181347150259068
1998,199,A3,82,0.4120603015075377,123,0.6180904522613065,162,0.8140703517587939,5.788944723618091,7.111111111111111
1998,199,A4,39,0.19597989949748743,174,0.8743718592964824,188,0.9447236180904522,5.798994974874372,6.138297872340425
1998,199,A5,85,0.4271356783919598,131,0.6582914572864321,139,0.6984924623115578,6.0201005025125625,8.618705035971223
1998,199,A6,12,0.06030150753768844,28,0.1407035175879397,120,0.6030150753768844,0.8442211055276382,1.4
1998,199,B1,112,0.5628140703517588,178,0.8944723618090452,190,0.9547738693467337,8.236180904522612,8.626315789473685
1998,199,B2,82,0.4120603015075377,115,0.5778894472361809,153,0.7688442211055276,5.0201005025125625,6.529411764705882
1998,199,B3,44,0.22110552763819097,60,0.3015075376884422,122,0.6130653266331658,2.592964824120603,4.229508196721311
1998,199,B4,42,0.21105527638190955,122,0.6130653266331658,146,0.7336683417085427,3.7537688442211055,5.116438356164384
1998,199,B5,55,0.27638190954773867,94,0.4723618090452261,123,0.6180904522613065,4.100502512562814,6.634146341463414
1998,199,B6,25,0.12562814070351758,50,0.25125628140703515,81,0.40703517587939697,2.0050251256281406,4.925925925925926
1999,205,A1,124,0.6048780487804878,189,0.9219512195121952,200,0.975609756097561,8.239024390243902,8.445
1999,205,A2,61,0.2975609756097561,111,0.5414634146341464,163,0.7951219512195122,4.809756097560975,6.049079754601227
1999,205,A3,103,0.5024390243902439,134,0.6536585365853659,161,0.7853658536585366,5.639024390243902,7.180124223602484
1999,205,A4,33,0.16097560975609757,68,0.33170731707317075,82,0.4,2.951219512195122,7.378048780487805
1999,205,A5,5,0.024390243902439025,23,0.11219512195121951,86,0.4195121951219512,0.5219512195121951,1.244186046511628
1999,205,A6,31,0.15121951219512195,57,0.2780487804878049,85,0.4146341463414634,2.3804878048780487,5.741176470588235
1999,205,B1,126,0.6146341463414634,166,0.8097560975609757,189,0.9219512195121952,7.614634146341463,8.25925925925926
1999,205,B2,38,0.18536585365853658,83,0.40487804878048783,157,0.7658536585365854,3.478048780487805,4.54140127388535
1999,205,B3,44,0.2146341463414634,75,0.36585365853658536,131,0.6390243902439025,2.5073170731707317,3.9236641221374047
1999,205,B4,0,0.0,1,0.004878048780487805,32,0.15609756097560976,0.00975609756097561,0.0625
1999,205,B5,0,0.0,1,0.004878048780487805,44,0.2146341463414634,0.00975609756097561,0.045454545454545456
1999,205,B6,3,0.014634146341463415,16,0.07804878048780488,96,0.4682926829268293,0.5902439024390244,1.2604166666666667
2000,195,A1,61,0.3128205128205128,143,0.7333333333333333,184,0.9435897435897436,4.1692307692307695,4.418478260869565
2000,195,A2,150,0.7692307692307693,152,0.7794871794871795,175,0.8974358974358975,7.748717948717949,8.634285714285713
2000,195,A3,64,0.3282051282051282,136,0.6974358974358974,163,0.8358974358974359,5.3076923076923075,6.3496932515337425
2000,195,A4,10,0.05128205128205128,22,0.11282051282051282,65,0.3333333333333333,0.7589743589743589,2.276923076923077
2000,195,A5,30,0.15384615384615385,47,0.24102564102564103,66,0.3384615384615385,2.230769230769231,6.590909090909091
2000,195,A6,1,0.005128205128205128,27,0.13846153846153847,84,0.4307692307692308,0.35384615384615387,0.8214285714285714
2000,195,B1,126,0.6461538461538462,166,0.8512820512820513,180,0.9230769230769231,7.425641025641026,8.044444444444444
2000,195,B2,114,0.5846153846153846,131,0.6717948717948717,166,0.8512820512820513,6.302564102564102,7.403614457831325
2000,195,B3,5,0.02564102564102564,63,0.3230769230769231,66,0.3384615384615385,1.0256410256410255,3.0303030303030303
2000,195,B4,14,0.07179487179487179,29,0.14871794871794872,135,0.6923076923076923,1.0512820512820513,1.5185185185185186
2000,195,B5,29,0.14871794871794872,73,0.37435897435897436,84,0.4307692307692308,2.9384615384615387,6.821428571428571
2000,195,B6,8,0.041025641025641026,9,0.046153846153846156,50,0.2564102564102564,0.4564102564102564,1.78
2001,200,A1,189,0.945,190,0.95,198,0.99,9.495,9.590909090909092
2001,200,A2,163,0.815,176,0.88,190,0.95,8.635,9.089473684210526
2001,200,A3,97,0.485,181,0.905,188,0.94,6.885,7.324468085106383
2001,200,A4,29,0.145,64,0.32,111,0.555,2.235,4.027027027027027
2001,200,A5,12,0.06,81,0.405,114,0.57,1.7,2.982456140350877
2001,200,A6,1,0.005,2,0.01,59,0.295,0.055,0.1864406779661017
2001,200,B1,136,0.68,174,0.87,194,0.97,8.25,8.505154639175258
2001,200,B2,38,0.19,50,0.25,102,0.51,2.08,4.078431372549019
2001,200,B3,120,0.6,160,0.8,165,0.825,6.675,8.090909090909092
2001,200,B4,43,0.215,95,0.475,129,0.645,4.245,6.5813953488372094
2001,200,B5,2,0.01,8,0.04,90,0.45,0.145,0.32222222222222224
2001,200,B6,9,0.045,18,0.09,58,0.29,0.775,2.6724137931034484
2002,210,A1,115,0.5476190476190477,183,0.8714285714285714,203,0.9666666666666667,7.585714285714285,7.847290640394089
2002,210,A2,75,0.35714285714285715,199,0.9476190476190476,200,0.9523809523809523,8.68095238095238,9.115
2002,210,A3,63,0.3,117,0.5571428571428572,143,0.680952380952381,4.776190476190476,7.013986013986014
2002,210,A4,61,0.2904761904761905,143,0.680952380952381,174,0.8285714285714286,5.185714285714286,6.258620689655173
2002,210,A5,21,0.1,109,0.5190476190476191,136,0.6476190476190476,3.719047619047619,5.742647058823529
2002,210,A6,3,0.014285714285714285,20,0.09523809523809523,78,0.37142857142857144,0.5,1.3461538461538463
2002,210,B1,162,0.7714285714285715,185,0.8809523809523809,200,0.9523809523809523,8.547619047619047,8.975
2002,210,B2,107,0.5095238095238095,192,0.9142857142857143,200,0.9523809523809523,8.014285714285714,8.415
2002,210,B3,30,0.14285714285714285,63,0.3,141,0.6714285714285714,1.7666666666666666,2.631205673758865
2002,210,B4,84,0.4,118,0.5619047619047619,168,0.8,5.042857142857143,6.303571428571429
2002,210,B5,28,0.13333333333333333,35,0.16666666666666666,62,0.29523809523809524,1.542857142857143,5.225806451612903
2002,210,B6,7,0.03333333333333333,23,0.10952380952380952,51,0.24285714285714285,0.7857142857142857,3.235294117647059
2003,201,A1,149,0.7412935323383084,192,0.9552238805970149,197,0.9800995024875622,8.805970149253731,8.98477157360406
2003,201,A2,55,0.2736318407960199,104,0.5174129353233831,139,0.6915422885572139,4.3283582089552235,6.258992805755396
2003,201,A3,10,0.04975124378109453,24,0.11940298507462686,124,0.6169154228855721,0.8606965174129353,1.3951612903225807
2003,201,A4,15,0.07462686567164178,113,0.5621890547263682,140,0.6965174129353234,1.9203980099502487,2.757142857142857
2003,201,A5,27,0.13432835820895522,36,0.1791044776119403,69,0.34328358208955223,1.4527363184079602,4.231884057971015
2003,201,A6,18,0.08955223880597014,39,0.19402985074626866,84,0.417910447761194,1.4129353233830846,3.380952380952381
2003,201,B1,62,0.30845771144278605,92,0.4577114427860697,175,0.8706467661691543,3.681592039800995,4.228571428571429
2003,201,B2,119,0.5920398009950248,172,0.8557213930348259,184,0.9154228855721394,6.990049751243781,7.635869565217392
2003,201,B3,97,0.48258706467661694,167,0.8308457711442786,179,0.8905472636815921,7.313432835820896,8.212290502793296
2003,201,B4,120,0.5970149253731343,150,0.746268656716418,166,0.8258706467661692,7.0049751243781095,8.481927710843374
2003,201,B5,31,0.15422885572139303,71,0.35323383084577115,107,0.5323383084577115,2.716417910447761,5.102803738317757
2003,201,B6,10,0.04975124378109453,20,0.09950248756218906,60,0.29850746268656714,0.5522388059701493,1.85
2004,196,A1,139,0.7091836734693877,175,0.8928571428571429,195,0.9948979591836735,8.362244897959183,8.405128205128205
2004,196,A2,64,0.32653061224489793,93,0.4744897959183674,176,0.8979591836734694,4.25,4.732954545454546
2004,196,A3,148,0.7551020408163265,176,0.8979591836734694,184,0.9387755102040817,8.377551020408163,8.923913043478262
2004,196,A4,23,0.11734693877551021,65,0.33163265306122447,134,0.6836734693877551,1.9948979591836735,2.917910447761194
2004,196,A5,14,0.07142857142857142,16,0.08163265306122448,71,0.3622448979591837,0.7959183673469388,2.1971830985915495
2004,196,A6,7,0.03571428571428571,15,0.07653061224489796,64,0.32653061224489793,0.6683673469387755,2.046875
2004,196,B1,156,0.7959183673469388,166,0.8469387755102041,193,0.9846938775510204,8.214285714285714,8.341968911917098
2004,196,B2,56,0.2857142857142857,158,0.8061224489795918,186,0.9489795918367347,6.5561224489795915,6.908602150537634
2004,196,B3,79,0.4030612244897959,137,0.6989795918367347,172,0.8775510204081632,4.785714285714286,5.453488372093023
2004,196,B4,92,0.46938775510204084,161,0.8214285714285714,180,0.9183673469387755,7.158163265306122,7.794444444444444
2004,196,B5,16,0.08163265306122448,35,0.17857142857142858,97,0.49489795918367346,1.086734693877551,2.195876288659794
2004,196,B6,4,0.02040816326530612,7,0.03571428571428571,65,0.33163265306122447,0.2653061224489796,0.8
2005,196,A1,132,0.673469387755102,169,0.8622448979591837,185,0.9438775510204082,7.88265306122449,8.35135135135135
2005,196,A2,85,0.4336734693877551,171,0.8724489795918368,183,0.9336734693877551,7.158163265306122,7.666666666666667
2005,196,A3,14,0.07142857142857142,31,0.15816326530612246,117,0.5969387755102041,1.0918367346938775,1.829059829059829
2005,196,A4,20,0.10204081632653061,30,0.15306122448979592,85,0.4336734693877551,1.336734693877551,3.0823529411764707
2005,196,A5,10,0.05102040816326531,24,0.12244897959183673,64,0.32653061224489793,1.0,3.0625
2005,196,A6,5,0.025510204081632654,10,0.05102040816326531,75,0.3826530612244898,0.3673469387755102,0.96
2005,196,B1,155,0.7908163265306123,193,0.9846938775510204,196,1.0,9.290816326530612,9.290816326530612
2005,196,B2,148,0.7551020408163265,173,0.8826530612244898,186,0.9489795918367347,8.316326530612244,8.763440860215054
2005,196,B3,23,0.11734693877551021,75,0.3826530612244898,150,0.7653061224489796,3.122448979591837,4.08
2005,196,B4,97,0.49489795918367346,149,0.7602040816326531,176,0.8979591836734694,6.321428571428571,7.0397727272727275
2005,196,B5,4,0.02040816326530612,5,0.025510204081632654,59,0.3010204081632653,0.24489795918367346,0.8135593220338984
2005,196,B6,18,0.09183673469387756,22,0.11224489795918367,63,0.32142857142857145,0.9846938775510204,3.0634920634920637
2006,198,A1,129,0.6515151515151515,151,0.7626262626262627,198,1.0,7.166666666666667,7.166666666666667
2006,198,A2,96,0.48484848484848486,171,0.8636363636363636,198,1.0,7.803030303030303,7.803030303030303
2006,198,A3,63,0.3181818181818182,99,0.5,138,0.696969696969697,4.540404040404041,6.5144927536231885
2006,198,A4,112,0.5656565656565656,138,0.696969696969697,170,0.8585858585858586,6.48989898989899,7.5588235294117645
2006,198,A5,16,0.08080808080808081,32,0.16161616161616163,78,0.3939393939393939,1.1414141414141414,2.8974358974358974
2006,198,A6,1,0.005050505050505051,3,0.015151515151515152,61,0.30808080808080807,0.06060606060606061,0.19672131147540983
2006,198,B1,52,0.26262626262626265,125,0.6313131313131313,155,0.7828282828282829,5.44949494949495,6.961290322580645
2006,198,B2,123,0.6212121212121212,170,0.8585858585858586,183,0.9242424242424242,8.16161616161616,8.830601092896174
2006,198,B3,15,0.07575757575757576,129,0.6515151515151515,162,0.8181818181818182,2.904040404040404,3.549382716049383
2006,198,B4,22,0.1111111111111111,59,0.29797979797979796,150,0.7575757575757576,1.7676767676767677,2.3333333333333335
2006,198,B5,93,0.4696969696969697,123,0.6212121212121212,138,0.696969696969697,5.777777777777778,8.289855072463768
2006,198,B6,6,0.030303030303030304,20,0.10101010101010101,62,0.31313131313131315,0.4898989898989899,1.564516129032258
2007,206,A1,29,0.1407766990291262,173,0.8398058252427184,196,0.9514563106796117,3.825242718446602,4.020408163265306
2007,206,A2,106,0.5145631067961165,174,0.8446601941747572,191,0.9271844660194175,7.242718446601942,7.81151832460733
2007,206,A3,126,0.6116504854368932,181,0.8786407766990292,190,0.9223300970873787,6.621359223300971,7.178947368421053
2007,206,A4,12,0.05825242718446602,57,0.2766990291262136,148,0.7184466019417476,2.063106796116505,2.8716216216216215
2007,206,A5,7,0.03398058252427184,27,0.13106796116504854,118,0.5728155339805825,0.7281553398058253,1.271186440677966
2007,206,A6,3,0.014563106796116505,7,0.03398058252427184,76,0.36893203883495146,0.1650485436893204,0.4473684210526316
2007,206,B1,189,0.9174757281553398,205,0.9951456310679612,205,0.9951456310679612,9.757281553398059,9.804878048780488
2007,206,B2,80,0.3883495145631068,148,0.7184466019417476,182,0.883495145631068,5.077669902912621,5.747252747252747
2007,206,B3,65,0.3155339805825243,107,0.5194174757281553,136,0.6601941747572816,4.213592233009709,6.382352941176471
2007,206,B4,45,0.21844660194174756,66,0.32038834951456313,141,0.6844660194174758,2.820388349514563,4.120567375886525
2007,206,B5,39,0.18932038834951456,54,0.2621359223300971,82,0.39805825242718446,2.3058252427184467,5.7926829268292686
2007,206,B6,2,0.009708737864077669,7,0.03398058252427184,35,0.16990291262135923,0.20388349514563106,1.2
2008,189,A1,177,0.9365079365079365,189,1.0,189,1.0,9.788359788359788,9.788359788359788
2008,189,A2,136,0.7195767195767195,160,0.8465608465608465,174,0.9206349206349206,8.285714285714286,9.0
2008,189,A3,67,0.3544973544973545,174,0.9206349206349206,184,0.9735449735449735,7.079365079365079,7.271739130434782
2008,189,A4,74,0.3915343915343915,123,0.6507936507936508,157,0.8306878306878307,5.91005291005291,7.114649681528663
2008,189,A5,32,0.1693121693121693,65,0.3439153439153439,136,0.7195767195767195,2.761904761904762,3.838235294117647
2008,189,A6,11,0.0582010582010582,38,0.20105820105820105,64,0.3386243386243386,1.0476190476190477,3.09375
2008,189,B1,118,0.6243386243386243,164,0.8677248677248677,183,0.9682539682539683,8.201058201058201,8.469945355191257
2008,189,B2,83,0.43915343915343913,155,0.8201058201058201,170,0.8994708994708994,5.9523809523809526,6.617647058823529
2008,189,B3,19,0.10052910052910052,50,0.26455026455026454,104,0.5502645502645502,1.6613756613756614,3.019230769230769
2008,189,B4,81,0.42857142857142855,126,0.6666666666666666,149,0.7883597883597884,5.587301587301587,7.087248322147651
2008,189,B5,17,0.08994708994708994,62,0.328042328042328,127,0.671957671957672,2.5238095238095237,3.7559055118110236
2008,189,B6,12,0.06349206349206349,23,0.12169312169312169,55,0.291005291005291,0.8412698412698413,2.890909090909091
2009,200,A1,193,0.965,199,0.995,200,1.0,9.91,9.91
2009,200,A2,84,0.42,144,0.72,184,0.92,6.25,6.793478260869565
2009,200,A3,81,0.405,101,0.505,140,0.7,4.63,6.614285714285714
2009,200,A4,49,0.245,116,0.58,170,0.85,4.7,5.529411764705882
2009,200,A5,26,0.13,44,0.22,114,0.57,1.655,2.9035087719298245
2009,200,A6,5,0.025,8,0.04,61,0.305,0.38,1.2459016393442623
2009,200,B1,142,0.71,195,0.975,200,1.0,9.225,9.225
2009,200,B2,62,0.31,141,0.705,190,0.95,3.93,4.136842105263158
2009,200,B3,105,0.525,146,0.73,172,0.86,6.68,7.767441860465116
2009,200,B4,56,0.28,80,0.4,139,0.695,3.55,5.107913669064748
2009,200,B5,7,0.035,21,0.105,105,0.525,0.69,1.3142857142857143
2009,200,B6,2,0.01,6,0.03,53,0.265,0.23,0.8679245283018868
2010,188,A1,181,0.9627659574468085,181,0.9627659574468085,188,1.0,9.627659574468085,9.627659574468085
2010,188,A2,103,0.5478723404255319,179,0.9521276595744681,186,0.9893617021276596,8.670212765957446,8.763440860215054
2010,188,A3,30,0.1595744680851064,84,0.44680851063829785,140,0.7446808510638298,3.9627659574468086,5.321428571428571
2010,188,A4,90,0.4787234042553192,124,0.6595744680851063,149,0.7925531914893617,6.25,7.885906040268456
2010,188,A5,26,0.13829787234042554,106,0.5638297872340425,144,0.7659574468085106,2.675531914893617,3.4930555555555554
2010,188,A6,12,0.06382978723404255,24,0.1276595744680851,68,0.3617021276595745,0.9042553191489362,2.5
2010,188,B1,144,0.7659574468085106,179,0.9521276595744681,187,0.9946808510638298,9.063829787234043,9.11229946524064
2010,188,B2,133,0.7074468085106383,181,0.9627659574468085,185,0.9840425531914894,8.75,8.891891891891891
2010,188,B3,152,0.8085106382978723,152,0.8085106382978723,184,0.9787234042553191,8.085106382978724,8.26086956521739
2010,188,B4,37,0.19680851063829788,54,0.2872340425531915,132,0.7021276595744681,2.526595744680851,3.5984848484848486
2010,188,B5,11,0.05851063829787234,42,0.22340425531914893,105,0.5585106382978723,1.7765957446808511,3.1809523809523808
2010,188,B6,24,0.1276595744680851,43,0.22872340425531915,71,0.3776595744680851,1.8138297872340425,4.802816901408451
2011,197,A1,90,0.45685279187817257,142,0.7208121827411168,196,0.9949238578680203,5.7969543147208125,5.826530612244898
2011,197,A2,87,0.4416243654822335,167,0.8477157360406091,182,0.9238578680203046,6.197969543147208,6.708791208791209
2011,197,A3,12,0.06091370558375635,51,0.25888324873096447,99,0.5025380710659898,1.0355329949238579,2.0606060606060606
2011,197,A4,37,0.18781725888324874,159,0.8071065989847716,171,0.868020304568528,3.030456852791878,3.491228070175439
2011,197,A5,1,0.005076142131979695,1,0.005076142131979695,16,0.08121827411167512,0.050761421319796954,0.625
2011,197,A6,1,0.005076142131979695,11,0.05583756345177665,19,0.09644670050761421,0.20812182741116753,2.1578947368421053
2011,197,B1,105,0.5329949238578681,143,0.7258883248730964,191,0.9695431472081218,6.319796954314721,6.518324607329843
2011,197,B2,141,0.7157360406091371,183,0.9289340101522843,195,0.9898477157360406,8.182741116751268,8.266666666666667
2011,197,B3,65,0.3299492385786802,122,0.6192893401015228,167,0.8477157360406091,4.33502538071066,5.11377245508982
2011,197,B4,3,0.015228426395939087,41,0.20812182741116753,95,0.48223350253807107,0.5329949238578681,1.105263157894737
2011,197,B5,12,0.06091370558375635,20,0.10152284263959391,52,0.2639593908629442,0.8527918781725888,3.230769230769231
2011,197,B6,0,0.0,0,0.0,38,0.19289340101522842,0.0,0.0
2012,189,A1,142,0.7513227513227513,186,0.9841269841269841,187,0.9894179894179894,9.46031746031746,9.561497326203208
2012,189,A2,151,0.798941798941799,180,0.9523809523809523,187,0.9894179894179894,9.328042328042327,9.427807486631016
2012,189,A3,49,0.25925925925925924,120,0.6349206349206349,145,0.7671957671957672,4.8465608465608465,6.317241379310345
2012,189,A4,5,0.026455026455026454,7,0.037037037037037035,104,0.5502645502645502,0.2751322751322751,0.5
2012,189,A5,8,0.042328042328042326,14,0.07407407407407407,74,0.3915343915343915,0.5079365079365079,1.2972972972972974
2012,189,A6,3,0.015873015873015872,6,0.031746031746031744,58,0.30687830687830686,0.30158730158730157,0.9827586206896551
2012,189,B1,174,0.9206349206349206,188,0.9947089947089947,188,0.9947089947089947,9.677248677248677,9.72872340425532
2012,189,B2,84,0.4444444444444444,147,0.7777777777777778,167,0.8835978835978836,5.920634920634921,6.700598802395209
2012,189,B3,44,0.2328042328042328,74,0.3915343915343915,122,0.6455026455026455,2.7037037037037037,4.188524590163935
2012,189,B4,25,0.13227513227513227,32,0.1693121693121693,127,0.671957671957672,1.5026455026455026,2.236220472440945
2012,189,B5,2,0.010582010582010581,4,0.021164021164021163,22,0.1164021164021164,0.15343915343915343,1.3181818181818181
2012,189,B6,15,0.07936507936507936,28,0.14814814814814814,61,0.32275132275132273,0.8783068783068783,2.721311475409836
2013,201,A1,184,0.9154228855721394,197,0.9800995024875622,200,0.9950248756218906,9.537313432835822,9.585
2013,201,A2,153,0.7611940298507462,184,0.9154228855721394,193,0.9601990049751243,8.850746268656716,9.217616580310882
2013,201,A3,61,0.3034825870646766,92,0.4577114427860697,145,0.7213930348258707,4.104477611940299,5.689655172413793
2013,201,A4,53,0.263681592039801,74,0.3681592039800995,115,0.572139303482587,3.253731343283582,5.6869565217391305
2013,201,A5,5,0.024875621890547265,14,0.06965174129353234,55,0.2736318407960199,0.6069651741293532,2.2181818181818183
2013,201,A6,1,0.004975124378109453,6,0.029850746268656716,39,0.19402985074626866,0.15920398009950248,0.8205128205128205
2013,201,B1,166,0.8258706467661692,189,0.9402985074626866,199,0.9900497512437811,9.024875621890548,9.115577889447236
2013,201,B2,80,0.39800995024875624,107,0.5323383084577115,129,0.6417910447761194,4.383084577114428,6.829457364341085
2013,201,B3,115,0.572139303482587,149,0.7412935323383084,187,0.9303482587064676,6.686567164179104,7.18716577540107
2013,201,B4,11,0.05472636815920398,13,0.06467661691542288,81,0.40298507462686567,0.6019900497512438,1.4938271604938271
2013,201,B5,13,0.06467661691542288,20,0.09950248756218906,96,0.47761194029850745,0.7711442786069652,1.6145833333333333
2013,201,B6,0,0.0,6,0.029850746268656716,35,0.17412935323383086,0.03482587064676617,0.2
2014,190,A1,129,0.6789473684210526,188,0.9894736842105263,190,1.0,8.963157894736842,8.963157894736842
2014,190,A2,154,0.8105263157894737,178,0.9368421052631579,189,0.9947368421052631,9.115789473684211,9.164021164021165
2014,190,A3,95,0.5,157,0.8263157894736842,161,0.8473684210526315,5.936842105263158,7.0062111801242235
2014,190,A4,64,0.3368421052631579,74,0.3894736842105263,135,0.7105263157894737,3.7526315789473683,5.281481481481482
2014,190,A5,0,0.0,6,0.031578947368421054,85,0.4473684210526316,0.031578947368421054,0.07058823529411765
2014,190,A6,3,0.015789473684210527,8,0.042105263157894736,39,0.20526315789473684,0.3473684210526316,1.6923076923076923
2014,190,B1,131,0.6894736842105263,185,0.9736842105263158,190,1.0,8.978947368421053,8.978947368421053
2014,190,B2,91,0.4789473684210526,155,0.8157894736842105,173,0.9105263157894737,5.336842105263158,5.861271676300578
2014,190,B3,86,0.45263157894736844,130,0.6842105263157895,169,0.8894736842105263,6.121052631578947,6.881656804733728
2014,190,B4,14,0.07368421052631578,33,0.1736842105263158,74,0.3894736842105263,1.1263157894736842,2.891891891891892
2014,190,B5,3,0.015789473684210527,26,0.1368421052631579,61,0.32105263157894737,0.2894736842105263,0.9016393442622951
2014,190,B6,1,0.005263157894736842,6,0.031578947368421054,43,0.22631578947368422,0.12631578947368421,0.5581395348837209
2015,199,A1,165,0.8291457286432161,192,0.964824120603015,197,0.9899497487437185,9.371859296482413,9.467005076142131
2015,199,A2,109,0.5477386934673367,134,0.6733668341708543,179,0.8994974874371859,6.090452261306533,6.770949720670391
2015,199,A3,99,0.49748743718592964,141,0.7085427135678392,164,0.8241206030150754,6.1708542713567835,7.487804878048781
2015,199,A4,52,0.2613065326633166,112,0.5628140703517588,145,0.7286432160804021,3.9748743718592965,5.455172413793103
2015,199,A5,13,0.06532663316582915,46,0.23115577889447236,72,0.36180904522613067,1.1809045226130652,3.263888888888889
2015,199,A6,4,0.020100502512562814,10,0.05025125628140704,63,0.3165829145728643,0.3969849246231156,1.253968253968254
2015,199,B1,61,0.3065326633165829,168,0.8442211055276382,178,0.8944723618090452,5.14070351758794,5.747191011235955
2015,199,B2,62,0.31155778894472363,86,0.4321608040201005,146,0.7336683417085427,3.758793969849246,5.123287671232877
2015,199,B3,32,0.16080402010050251,63,0.3165829145728643,144,0.7236180904522613,2.1055276381909547,2.9097222222222223
2015,199,B4,70,0.35175879396984927,105,0.5276381909547738,144,0.7236180904522613,4.226130653266332,5.840277777777778
2015,199,B5,16,0.08040201005025126,43,0.21608040201005024,73,0.36683417085427134,1.4371859296482412,3.9178082191780823
2015,199,B6,0,0.0,4,0.020100502512562814,31,0.15577889447236182,0.1306532663316583,0.8387096774193549
2016,187,A1,123,0.6577540106951871,182,0.9732620320855615,187,1.0,9.29946524064171,9.29946524064171
2016,187,A2,49,0.2620320855614973,184,0.983957219251337,187,1.0,8.06951871657754,8.06951871657754
2016,187,A3,15,0.08021390374331551,117,0.6256684491978609,162,0.8663101604278075,3.427807486631016,3.95679012345679
2016,187,A4,45,0.24064171122994651,82,0.4385026737967914,113,0.6042780748663101,3.5026737967914436,5.79646017699115
2016,187,A5,28,0.1497326203208556,51,0.2727272727272727,78,0.41711229946524064,1.8823529411764706,4.512820512820513
2016,187,A6,2,0.0106951871657754,4,0.0213903743315508,73,0.39037433155080214,0.12299465240641712,0.3150684931506849
2016,187,B1,110,0.5882352941176471,175,0.9358288770053476,185,0.9893048128342246,7.9144385026737964,8.0
2016,187,B2,94,0.5026737967914439,182,0.9732620320855615,187,1.0,7.850267379679145,7.850267379679145
2016,187,B3,28,0.1497326203208556,169,0.9037433155080213,175,0.9358288770053476,8.058823529411764,8.611428571428572
2016,187,B4,62,0.3315508021390374,122,0.6524064171122995,149,0.7967914438502673,5.620320855614973,7.053691275167785
2016,187,B5,21,0.11229946524064172,49,0.2620320855614973,111,0.5935828877005348,2.0053475935828877,3.3783783783783785
2016,187,B6,20,0.10695187165775401,44,0.23529411764705882,79,0.42245989304812837,1.9518716577540107,4.620253164556962
2017,502,A1,352,0.701195219123506,449,0.8944223107569721,499,0.9940239043824701,8.336653386454183,8.386773547094188
2017,502,A2,230,0.4581673306772908,262,0.5219123505976095,421,0.8386454183266933,4.896414342629482,5.838479809976247
2017,502,A3,111,0.22111553784860558,211,0.4203187250996016,283,0.5637450199203188,3.00199203187251,5.3250883392226145
2017,502,A4,87,0.17330677290836655,152,0.30278884462151395,304,0.6055776892430279,2.4840637450199203,4.1019736842105265
2017,502,A5,10,0.0199203187250996,17,0.03386454183266932,180,0.35856573705179284,0.29282868525896416,0.8166666666666667
2017,502,A6,2,0.00398406374501992,16,0.03187250996015936,56,0.11155378486055777,0.12350597609561753,1.1071428571428572
2017,502,B1,267,0.5318725099601593,488,0.9721115537848606,491,0.9780876494023905,8.44621513944223,8.635437881873727
2017,502,B2,233,0.4641434262948207,432,0.8605577689243028,481,0.9581673306772909,6.639442231075697,6.929313929313929
2017,502,B3,225,0.448207171314741,287,0.5717131474103586,362,0.7211155378486056,4.886454183266932,6.776243093922652
2017,502,B4,9,0.017928286852589643,21,0.04183266932270916,153,0.3047808764940239,0.3247011952191235,1.065359477124183
2017,502,B5,32,0.06374501992031872,105,0.20916334661354583,177,0.35258964143426297,1.149402390438247,3.2598870056497176
2017,502,B6,3,0.00597609561752988,10,0.0199203187250996,104,0.20717131474103587,0.12151394422310757,0.5865384615384616
2018,477,A1,318,0.6666666666666666,465,0.9748427672955975,476,0.9979035639412998,8.616352201257861,8.634453781512605
2018,477,A2,103,0.21593291404612158,265,0.5555555555555556,408,0.8553459119496856,3.591194968553459,4.198529411764706
2018,477,A3,104,0.2180293501048218,289,0.6058700209643606,418,0.8763102725366876,4.454926624737945,5.083732057416268
2018,477,A4,25,0.05241090146750524,51,0.1069182389937107,242,0.5073375262054507,0.8176100628930818,1.6115702479338843
2018,477,A5,10,0.020964360587002098,150,0.31446540880503143,286,0.59958071278826,0.6561844863731656,1.0944055944055944
2018,477,A6,31,0.0649895178197065,53,0.1111111111111111,229,0.480083857442348,0.8469601677148847,1.7641921397379912
2018,477,B1,269,0.5639412997903563,459,0.9622641509433962,471,0.9874213836477987,7.526205450733753,7.62208067940552
2018,477,B2,261,0.5471698113207547,343,0.7190775681341719,424,0.8888888888888888,6.423480083857442,7.226415094339623
2018,477,B3,228,0.4779874213836478,435,0.9119496855345912,451,0.9454926624737946,6.320754716981132,6.685144124168515
2018,477,B4,49,0.10272536687631027,187,0.3920335429769392,325,0.6813417190775681,3.008385744234801,4.415384615384616
2018,477,B5,20,0.041928721174004195,28,0.05870020964360587,194,0.40670859538784065,0.4779874213836478,1.175257731958763
2018,477,B6,43,0.09014675052410902,51,0.1069182389937107,209,0.4381551362683438,0.9224318658280922,2.1052631578947367
2019,414,A1,207,0.5,395,0.9541062801932367,404,0.9758454106280193,8.140096618357488,8.341584158415841
2019,414,A2,290,0.7004830917874396,332,0.8019323671497585,374,0.9033816425120773,7.700483091787439,8.524064171122994
2019,414,A3,128,0.30917874396135264,206,0.4975845410628019,293,0.7077294685990339,3.5603864734299515,5.030716723549488
2019,414,A4,36,0.08695652173913043,49,0.11835748792270531,158,0.38164251207729466,1.036231884057971,2.7151898734177213
2019,414,A5,72,0.17391304347826086,152,0.3671497584541063,247,0.5966183574879227,2.5676328502415457,4.303643724696356
2019,414,A6,8,0.01932367149758454,29,0.07004830917874397,109,0.2632850241545894,0.43478260869565216,1.651376146788991
2019,414,B1,189,0.45652173913043476,394,0.9516908212560387,408,0.9855072463768116,7.806763285024155,7.921568627450981
2019,414,B2,92,0.2222222222222222,124,0.2995169082125604,259,0.6256038647342995,2.789855072463768,4.45945945945946
2019,414,B3,41,0.09903381642512077,57,0.13768115942028986,219,0.5289855072463768,1.1304347826086956,2.136986301369863
2019,414,B4,25,0.06038647342995169,83,0.20048309178743962,135,0.32608695652173914,1.1642512077294687,3.5703703703703704
2019,414,B5,138,0.3333333333333333,178,0.42995169082125606,259,0.6256038647342995,3.8285024154589373,6.11969111969112
2019,414,B6,59,0.14251207729468598,159,0.38405797101449274,191,0.4613526570048309,1.891304347826087,4.099476439790576
2021,535,A1,369,0.6897196261682244,527,0.9850467289719627,533,0.9962616822429906,8.517757009345795,8.549718574108818
2021,535,A2,239,0.44672897196261685,419,0.7831775700934579,478,0.8934579439252337,5.833644859813084,6.52928870292887
2021,535,A3,66,0.1233644859813084,214,0.4,292,0.5457943925233645,1.8523364485981308,3.393835616438356
2021,535,A4,7,0.013084112149532711,12,0.022429906542056073,127,0.23738317757009345,0.18878504672897195,0.7952755905511811
2021,535,A5,130,0.24299065420560748,233,0.4355140186915888,347,0.6485981308411215,3.108411214953271,4.792507204610951
2021,535,A6,4,0.007476635514018692,7,0.013084112149532711,157,0.29345794392523367,0.10841121495327102,0.36942675159235666
2021,535,B1,204,0.3813084112149533,340,0.6355140186915887,455,0.8504672897196262,5.173831775700934,6.083516483516483
2021,535,B2,114,0.2130841121495327,241,0.4504672897196262,365,0.6822429906542056,2.5850467289719625,3.789041095890411
2021,535,B3,28,0.052336448598130844,43,0.08037383177570094,123,0.22990654205607478,0.7046728971962617,3.065040650406504
2021,535,B4,27,0.05046728971962617,148,0.2766355140186916,210,0.3925233644859813,1.5495327102803738,3.947619047619048
2021,535,B5,58,0.10841121495327102,70,0.1308411214953271,164,0.30654205607476637,1.205607476635514,3.932926829268293
2021,535,B6,8,0.014953271028037384,27,0.05046728971962617,79,0.14766355140186915,0.2261682242990654,1.5316455696202531
2022,546,A1,142,0.2600732600732601,397,0.7271062271062271,475,0.86996336996337,5.355311355311355,6.1557894736842105
2022,546,A2,114,0.2087912087912088,259,0.47435897435897434,383,0.7014652014652014,3.8333333333333335,5.464751958224543
2022,546,A3,204,0.37362637362637363,287,0.5256410256410257,314,0.575091575091575,4.701465201465202,8.17515923566879
2022,546,A4,29,0.05311355311355311,237,0.4340659340659341,297,0.5439560439560439,2.597069597069597,4.774410774410774
2022,546,A5,6,0.01098901098901099,98,0.1794871794871795,210,0.38461538461538464,0.3516483516483517,0.9142857142857143
2022,546,A6,1,0.0018315018315018315,9,0.016483516483516484,50,0.09157509157509157,0.06776556776556776,0.74
2022,546,B1,288,0.5274725274725275,464,0.8498168498168498,506,0.9267399267399268,7.564102564102564,8.162055335968379
2022,546,B2,107,0.19597069597069597,421,0.7710622710622711,459,0.8406593406593407,5.483516483516484,6.522875816993464
2022,546,B3,103,0.18864468864468864,235,0.43040293040293043,325,0.5952380952380952,2.681318681318681,4.504615384615384
2022,546,B4,36,0.06593406593406594,142,0.2600732600732601,238,0.4358974358974359,1.4963369963369964,3.4327731092436973
2022,546,B5,16,0.029304029304029304,85,0.15567765567765568,185,0.33882783882783885,0.7783882783882784,2.2972972972972974
2022,546,B6,1,0.0018315018315018315,10,0.018315018315018316,124,0.2271062271062271,0.040293040293040296,0.1774193548387097
2023,516,A1,426,0.8255813953488372,509,0.9864341085271318,516,1.0,9.618217054263566,9.618217054263566
2023,516,A2,368,0.7131782945736435,496,0.9612403100775194,502,0.9728682170542635,9.027131782945736,9.278884462151394
2023,516,A3,7,0.013565891472868217,289,0.560077519379845,394,0.7635658914728682,1.0852713178294573,1.4213197969543148
2023,516,A4,31,0.060077519379844964,194,0.375968992248062,239,0.4631782945736434,2.0213178294573644,4.364016736401673
2023,516,A5,10,0.01937984496124031,71,0.1375968992248062,123,0.23837209302325582,0.6046511627906976,2.5365853658536586
2023,516,A6,16,0.031007751937984496,105,0.20348837209302326,178,0.3449612403100775,0.5465116279069767,1.5842696629213484
2023,516,B1,373,0.7228682170542635,503,0.9748062015503876,512,0.9922480620155039,8.641472868217054,8.708984375
2023,516,B2,239,0.4631782945736434,313,0.6065891472868217,431,0.8352713178294574,5.156976744186046,6.174013921113689
2023,516,B3,80,0.15503875968992248,213,0.4127906976744186,305,0.5910852713178295,2.5329457364341086,4.285245901639344
2023,516,B4,8,0.015503875968992248,106,0.2054263565891473,215,0.4166666666666667,0.7170542635658915,1.7209302325581395
2023,516,B5,21,0.040697674418604654,125,0.24224806201550386,202,0.39147286821705424,0.8527131782945736,2.1782178217821784
2023,516,B6,1,0.001937984496124031,2,0.003875968992248062,29,0.0562015503875969,0.02131782945736434,0.3793103448275862
2024,504,A1,449,0.8908730158730159,498,0.9880952380952381,499,0.9900793650793651,9.505952380952381,9.60120240480962
2024,504,A2,93,0.18452380952380953,361,0.7162698412698413,446,0.8849206349206349,4.359126984126984,4.926008968609866
2024,504,A3,29,0.057539682539682536,78,0.15476190476190477,232,0.4603174603174603,0.8432539682539683,1.831896551724138
2024,504,A4,112,0.2222222222222222,241,0.4781746031746032,275,0.5456349206349206,3.1527777777777777,5.778181818181818
2024,504,A5,5,0.00992063492063492,14,0.027777777777777776,177,0.35119047619047616,0.2123015873015873,0.6045197740112994
2024,504,A6,0,0.0,10,0.01984126984126984,75,0.1488095238095238,0.03571428571428571,0.24
2024,504,B1,375,0.7440476190476191,481,0.9543650793650794,491,0.9742063492063492,8.351190476190476,8.572301425661914
2024,504,B2,81,0.16071428571428573,268,0.5317460317460317,352,0.6984126984126984,3.5932539682539684,5.144886363636363
2024,504,B3,75,0.1488095238095238,298,0.5912698412698413,341,0.6765873015873016,2.6984126984126986,3.9882697947214076
2024,504,B4,95,0.1884920634920635,208,0.4126984126984127,285,0.5654761904761905,2.9523809523809526,5.221052631578948
2024,504,B5,1,0.001984126984126984,164,0.3253968253968254,205,0.40674603174603174,0.5059523809523809,1.2439024390243902
2024,504,B6,0,0.0,8,0.015873015873015872,37,0.07341269841269842,0.07738095238095238,1.054054054054054
